link,published,source,summary,title
https://www.bilibili.com/bangumi/play/ss106703,10:00,Bilibili Timeline (legacy),10:00,万剑王座
https://www.bilibili.com/bangumi/play/ss106807,10:00,Bilibili Timeline (legacy),10:00,天命大神皇
https://www.bilibili.com/bangumi/play/ss45976,11:00,Bilibili Timeline (legacy),11:00,仙帝归来
https://www.bilibili.com/bangumi/play/ss108550,12:00,Bilibili Timeline (legacy),12:00,吉伊卡哇 第二季（中配）
https://www.bilibili.com/bangumi/play/ss91812,19:00,Bilibili Timeline (legacy),19:00,赛马娘 芦毛灰姑娘
https://www.bilibili.com/bangumi/play/ss112480,00:00,Bilibili Timeline (legacy),00:00,3年Z组银八老师
https://www.bilibili.com/bangumi/play/ss112542,00:30,Bilibili Timeline (legacy),00:30,明明只是暗杀者，我的面板数值却比勇者还要强
https://www.bilibili.com/bangumi/play/ss45964,10:00,Bilibili Timeline (legacy),10:00,开局地摊卖大力
https://www.bilibili.com/bangumi/play/ss106808,10:00,Bilibili Timeline (legacy),10:00,绝世神皇
https://www.bilibili.com/bangumi/play/ss106810,10:00,Bilibili Timeline (legacy),10:00,武魂大陆
https://www.bilibili.com/bangumi/play/ss73971,11:00,Bilibili Timeline (legacy),11:00,为喵人生
https://www.bilibili.com/bangumi/play/ss108550,12:00,Bilibili Timeline (legacy),12:00,吉伊卡哇 第二季（中配）
https://www.bilibili.com/bangumi/play/ss102183,20:00,Bilibili Timeline (legacy),20:00,去唱卡拉OK吧！
https://www.bilibili.com/bangumi/play/ss118816,20:00,Bilibili Timeline (legacy),20:00,为你着迷
https://www.bilibili.com/bangumi/play/ss113034,23:30,Bilibili Timeline (legacy),23:30,超常技能开启奇幻世界美食之旅 第二季
https://www.bilibili.com/bangumi/play/ss97755,09:00,Bilibili Timeline (legacy),09:00,双生武魂
https://www.bilibili.com/bangumi/play/ss106805,10:00,Bilibili Timeline (legacy),10:00,缥缈剑仙传
https://www.bilibili.com/bangumi/play/ss106809,10:00,Bilibili Timeline (legacy),10:00,荒古恩仇录·破风篇
https://www.bilibili.com/bangumi/play/ss73961,11:00,Bilibili Timeline (legacy),11:00,君有云 第二季
https://www.bilibili.com/bangumi/play/ss108550,12:00,Bilibili Timeline (legacy),12:00,吉伊卡哇 第二季（中配）
